{
	"start":	{
		"connected":	[{
				"socket":	5,
				"local_host":	"10.68.202.231",
				"local_port":	43794,
				"remote_host":	"62.210.18.40",
				"remote_port":	5203
			}],
		"version":	"iperf 3.9",
		"system_info":	"Linux debian-gnu-linux-11 5.10.0-15-arm64 #1 SMP Debian 5.10.120-1 (2022-06-09) aarch64",
		"timestamp":	{
			"time":	"Sat, 01 Oct 2022 12:32:43 GMT",
			"timesecs":	1664627563
		},
		"connecting_to":	{
			"host":	"ping.online.net",
			"port":	5203
		},
		"cookie":	"znvdm2j33oecn6w2kxkfgqbuf2zjks6nirmu",
		"tcp_mss_default":	1448,
		"sock_bufsize":	0,
		"sndbuf_actual":	16384,
		"rcvbuf_actual":	131072,
		"test_start":	{
			"protocol":	"TCP",
			"num_streams":	1,
			"blksize":	131072,
			"omit":	0,
			"duration":	20,
			"bytes":	0,
			"blocks":	0,
			"reverse":	0,
			"tos":	0
		}
	},
	"intervals":	[{
			"streams":	[{
					"socket":	5,
					"start":	0,
					"end":	1.000136,
					"seconds":	1.0001360177993774,
					"bytes":	12692232,
					"bits_per_second":	101524046.9225537,
					"retransmits":	0,
					"snd_cwnd":	8776328,
					"rtt":	87540,
					"rttvar":	214,
					"pmtu":	1500,
					"omitted":	false,
					"sender":	true
				}],
			"sum":	{
				"start":	0,
				"end":	1.000136,
				"seconds":	1.0001360177993774,
				"bytes":	12692232,
				"bits_per_second":	101524046.9225537,
				"retransmits":	0,
				"omitted":	false,
				"sender":	true
			}
		}, {
			"streams":	[{
					"socket":	5,
					"start":	1.000136,
					"end":	2.001384,
					"seconds":	1.0012480020523071,
					"bytes":	39321600,
					"bits_per_second":	314180701.83930928,
					"retransmits":	0,
					"snd_cwnd":	10548680,
					"rtt":	89247,
					"rttvar":	313,
					"pmtu":	1500,
					"omitted":	false,
					"sender":	true
				}],
			"sum":	{
				"start":	1.000136,
				"end":	2.001384,
				"seconds":	1.0012480020523071,
				"bytes":	39321600,
				"bits_per_second":	314180701.83930928,
				"retransmits":	0,
				"omitted":	false,
				"sender":	true
			}
		}, {
			"streams":	[{
					"socket":	5,
					"start":	2.001384,
					"end":	3.00451,
					"seconds":	1.00312602519989,
					"bytes":	35389440,
					"bits_per_second":	282233251.742805,
					"retransmits":	0,
					"snd_cwnd":	10548680,
					"rtt":	114477,
					"rttvar":	141,
					"pmtu":	1500,
					"omitted":	false,
					"sender":	true
				}],
			"sum":	{
				"start":	2.001384,
				"end":	3.00451,
				"seconds":	1.00312602519989,
				"bytes":	35389440,
				"bits_per_second":	282233251.742805,
				"retransmits":	0,
				"omitted":	false,
				"sender":	true
			}
		}, {
			"streams":	[{
					"socket":	5,
					"start":	3.00451,
					"end":	4.005106,
					"seconds":	1.0005960464477539,
					"bytes":	38010880,
					"bits_per_second":	303905897.969064,
					"retransmits":	0,
					"snd_cwnd":	11423272,
					"rtt":	89083,
					"rttvar":	133,
					"pmtu":	1500,
					"omitted":	false,
					"sender":	true
				}],
			"sum":	{
				"start":	3.00451,
				"end":	4.005106,
				"seconds":	1.0005960464477539,
				"bytes":	38010880,
				"bits_per_second":	303905897.969064,
				"retransmits":	0,
				"omitted":	false,
				"sender":	true
			}
		}, {
			"streams":	[{
					"socket":	5,
					"start":	4.005106,
					"end":	5.000394,
					"seconds":	0.99528801441192627,
					"bytes":	38010880,
					"bits_per_second":	305526677.30021065,
					"retransmits":	8,
					"snd_cwnd":	11423272,
					"rtt":	95253,
					"rttvar":	150,
					"pmtu":	1500,
					"omitted":	false,
					"sender":	true
				}],
			"sum":	{
				"start":	4.005106,
				"end":	5.000394,
				"seconds":	0.99528801441192627,
				"bytes":	38010880,
				"bits_per_second":	305526677.30021065,
				"retransmits":	8,
				"omitted":	false,
				"sender":	true
			}
		}, {
			"streams":	[{
					"socket":	5,
					"start":	5.000394,
					"end":	6.000111,
					"seconds":	0.99971699714660645,
					"bytes":	36700160,
					"bits_per_second":	293684393.52136368,
					"retransmits":	0,
					"snd_cwnd":	11423272,
					"rtt":	97414,
					"rttvar":	499,
					"pmtu":	1500,
					"omitted":	false,
					"sender":	true
				}],
			"sum":	{
				"start":	5.000394,
				"end":	6.000111,
				"seconds":	0.99971699714660645,
				"bytes":	36700160,
				"bits_per_second":	293684393.52136368,
				"retransmits":	0,
				"omitted":	false,
				"sender":	true
			}
		}, {
			"streams":	[{
					"socket":	5,
					"start":	6.000111,
					"end":	7.003156,
					"seconds":	1.0030449628829956,
					"bytes":	39321600,
					"bits_per_second":	313617845.30161154,
					"retransmits":	0,
					"snd_cwnd":	11423272,
					"rtt":	86424,
					"rttvar":	129,
					"pmtu":	1500,
					"omitted":	false,
					"sender":	true
				}],
			"sum":	{
				"start":	6.000111,
				"end":	7.003156,
				"seconds":	1.0030449628829956,
				"bytes":	39321600,
				"bits_per_second":	313617845.30161154,
				"retransmits":	0,
				"omitted":	false,
				"sender":	true
			}
		}, {
			"streams":	[{
					"socket":	5,
					"start":	7.003156,
					"end":	8.000142,
					"seconds":	0.99698597192764282,
					"bytes":	40632320,
					"bits_per_second":	326041257.50286025,
					"retransmits":	0,
					"snd_cwnd":	11442096,
					"rtt":	87555,
					"rttvar":	186,
					"pmtu":	1500,
					"omitted":	false,
					"sender":	true
				}],
			"sum":	{
				"start":	7.003156,
				"end":	8.000142,
				"seconds":	0.99698597192764282,
				"bytes":	40632320,
				"bits_per_second":	326041257.50286025,
				"retransmits":	0,
				"omitted":	false,
				"sender":	true
			}
		}, {
			"streams":	[{
					"socket":	5,
					"start":	8.000142,
					"end":	9.00009,
					"seconds":	0.999948024749756,
					"bytes":	38010880,
					"bits_per_second":	304102845.82151151,
					"retransmits":	0,
					"snd_cwnd":	11442096,
					"rtt":	92209,
					"rttvar":	348,
					"pmtu":	1500,
					"omitted":	false,
					"sender":	true
				}],
			"sum":	{
				"start":	8.000142,
				"end":	9.00009,
				"seconds":	0.999948024749756,
				"bytes":	38010880,
				"bits_per_second":	304102845.82151151,
				"retransmits":	0,
				"omitted":	false,
				"sender":	true
			}
		}, {
			"streams":	[{
					"socket":	5,
					"start":	9.00009,
					"end":	10.000097,
					"seconds":	1.0000070333480835,
					"bytes":	36700160,
					"bits_per_second":	293599215.01452374,
					"retransmits":	0,
					"snd_cwnd":	11442096,
					"rtt":	101239,
					"rttvar":	57,
					"pmtu":	1500,
					"omitted":	false,
					"sender":	true
				}],
			"sum":	{
				"start":	9.00009,
				"end":	10.000097,
				"seconds":	1.0000070333480835,
				"bytes":	36700160,
				"bits_per_second":	293599215.01452374,
				"retransmits":	0,
				"omitted":	false,
				"sender":	true
			}
		}, {
			"streams":	[{
					"socket":	5,
					"start":	10.000097,
					"end":	11.001125,
					"seconds":	1.0010279417037964,
					"bytes":	35389440,
					"bits_per_second":	282824792.600818,
					"retransmits":	0,
					"snd_cwnd":	11442096,
					"rtt":	101161,
					"rttvar":	167,
					"pmtu":	1500,
					"omitted":	false,
					"sender":	true
				}],
			"sum":	{
				"start":	10.000097,
				"end":	11.001125,
				"seconds":	1.0010279417037964,
				"bytes":	35389440,
				"bits_per_second":	282824792.600818,
				"retransmits":	0,
				"omitted":	false,
				"sender":	true
			}
		}, {
			"streams":	[{
					"socket":	5,
					"start":	11.001125,
					"end":	12.001597,
					"seconds":	1.0004719495773315,
					"bytes":	9175040,
					"bits_per_second":	73365695.091211066,
					"retransmits":	1065,
					"snd_cwnd":	11500016,
					"rtt":	95942,
					"rttvar":	138,
					"pmtu":	1500,
					"omitted":	false,
					"sender":	true
				}],
			"sum":	{
				"start":	11.001125,
				"end":	12.001597,
				"seconds":	1.0004719495773315,
				"bytes":	9175040,
				"bits_per_second":	73365695.091211066,
				"retransmits":	1065,
				"omitted":	false,
				"sender":	true
			}
		}, {
			"streams":	[{
					"socket":	5,
					"start":	12.001597,
					"end":	13.000088,
					"seconds":	0.99849098920822144,
					"bytes":	32768000,
					"bits_per_second":	262540175.95879728,
					"retransmits":	12,
					"snd_cwnd":	11500016,
					"rtt":	93229,
					"rttvar":	210,