{
	"start":	{
		"connected":	[{
				"socket":	5,
				"local_host":	"10.68.202.231",
				"local_port":	57964,
				"remote_host":	"62.210.18.40",
				"remote_port":	5203
			}],
		"version":	"iperf 3.9",
		"system_info":	"Linux debian-gnu-linux-11 5.10.0-15-arm64 #1 SMP Debian 5.10.120-1 (2022-06-09) aarch64",
		"timestamp":	{
			"time":	"Sat, 01 Oct 2022 11:58:14 GMT",
			"timesecs":	1664625494
		},
		"connecting_to":	{
			"host":	"ping.online.net",
			"port":	5203
		},
		"cookie":	"3s25pevatfttbaaqcgmkb7spbbpqc7usi5ww",
		"tcp_mss_default":	1448,
		"sock_bufsize":	0,
		"sndbuf_actual":	16384,
		"rcvbuf_actual":	131072,
		"test_start":	{
			"protocol":	"TCP",
			"num_streams":	1,
			"blksize":	131072,
			"omit":	0,
			"duration":	20,
			"bytes":	0,
			"blocks":	0,
			"reverse":	0,
			"tos":	0
		}
	},
	"intervals":	[{
			"streams":	[{
					"socket":	5,
					"start":	0,
					"end":	1.000151,
					"seconds":	1.0001510381698608,
					"bytes":	12761736,
					"bits_per_second":	102078470.25467055,
					"retransmits":	3,
					"snd_cwnd":	7868432,
					"rtt":	90661,
					"rttvar":	516,
					"pmtu":	1500,
					"omitted":	false,
					"sender":	true
				}],
			"sum":	{
				"start":	0,
				"end":	1.000151,
				"seconds":	1.0001510381698608,
				"bytes":	12761736,
				"bits_per_second":	102078470.25467055,
				"retransmits":	3,
				"omitted":	false,
				"sender":	true
			}
		}, {
			"streams":	[{
					"socket":	5,
					"start":	1.000151,
					"end":	2.000871,
					"seconds":	1.0007200241088867,
					"bytes":	32768000,
					"bits_per_second":	261955385.80676642,
					"retransmits":	0,
					"snd_cwnd":	8039296,
					"rtt":	93661,
					"rttvar":	1130,
					"pmtu":	1500,
					"omitted":	false,
					"sender":	true
				}],
			"sum":	{
				"start":	1.000151,
				"end":	2.000871,
				"seconds":	1.0007200241088867,
				"bytes":	32768000,
				"bits_per_second":	261955385.80676642,
				"retransmits":	0,
				"omitted":	false,
				"sender":	true
			}
		}, {
			"streams":	[{
					"socket":	5,
					"start":	2.000871,
					"end":	3.000215,
					"seconds":	0.999343991279602,
					"bytes":	36700160,
					"bits_per_second":	293794011.433501,
					"retransmits":	0,
					"snd_cwnd":	8039296,
					"rtt":	96770,
					"rttvar":	114,
					"pmtu":	1500,
					"omitted":	false,
					"sender":	true
				}],
			"sum":	{
				"start":	2.000871,
				"end":	3.000215,
				"seconds":	0.999343991279602,
				"bytes":	36700160,
				"bits_per_second":	293794011.433501,
				"retransmits":	0,
				"omitted":	false,
				"sender":	true
			}
		}, {
			"streams":	[{
					"socket":	5,
					"start":	3.000215,
					"end":	4.000119,
					"seconds":	0.999903976917267,
					"bytes":	34078720,
					"bits_per_second":	272655941.26400566,
					"retransmits":	0,
					"snd_cwnd":	8059568,
					"rtt":	95452,
					"rttvar":	106,
					"pmtu":	1500,
					"omitted":	false,
					"sender":	true
				}],
			"sum":	{
				"start":	3.000215,
				"end":	4.000119,
				"seconds":	0.999903976917267,
				"bytes":	34078720,
				"bits_per_second":	272655941.26400566,
				"retransmits":	0,
				"omitted":	false,
				"sender":	true
			}
		}, {
			"streams":	[{
					"socket":	5,
					"start":	4.000119,
					"end":	5.000163,
					"seconds":	1.0000439882278442,
					"bytes":	34078720,
					"bits_per_second":	272617768.02750564,
					"retransmits":	0,
					"snd_cwnd":	8059568,
					"rtt":	108148,
					"rttvar":	528,
					"pmtu":	1500,
					"omitted":	false,
					"sender":	true
				}],
			"sum":	{
				"start":	4.000119,
				"end":	5.000163,
				"seconds":	1.0000439882278442,
				"bytes":	34078720,
				"bits_per_second":	272617768.02750564,
				"retransmits":	0,
				"omitted":	false,
				"sender":	true
			}
		}, {
			"streams":	[{
					"socket":	5,
					"start":	5.000163,
					"end":	6.000151,
					"seconds":	0.9999880194664,
					"bytes":	36700160,
					"bits_per_second":	293604797.542142,
					"retransmits":	0,
					"snd_cwnd":	8072600,
					"rtt":	110278,
					"rttvar":	145,
					"pmtu":	1500,
					"omitted":	false,
					"sender":	true
				}],
			"sum":	{
				"start":	5.000163,
				"end":	6.000151,
				"seconds":	0.9999880194664,
				"bytes":	36700160,
				"bits_per_second":	293604797.542142,
				"retransmits":	0,
				"omitted":	false,
				"sender":	true
			}
		}, {
			"streams":	[{
					"socket":	5,
					"start":	6.000151,
					"end":	7.001167,
					"seconds":	1.0010160207748413,
					"bytes":	38010880,
					"bits_per_second":	303778394.83989471,
					"retransmits":	0,
					"snd_cwnd":	8072600,
					"rtt":	96756,
					"rttvar":	60,
					"pmtu":	1500,
					"omitted":	false,
					"sender":	true
				}],
			"sum":	{
				"start":	6.000151,
				"end":	7.001167,
				"seconds":	1.0010160207748413,
				"bytes":	38010880,
				"bits_per_second":	303778394.83989471,
				"retransmits":	0,
				"omitted":	false,
				"sender":	true
			}
		}, {
			"streams":	[{
					"socket":	5,
					"start":	7.001167,
					"end":	8.000219,
					"seconds":	0.99905198812484741,
					"bytes":	38010880,
					"bits_per_second":	304375591.67541486,
					"retransmits":	0,
					"snd_cwnd":	8082736,
					"rtt":	101659,
					"rttvar":	3953,
					"pmtu":	1500,
					"omitted":	false,
					"sender":	true
				}],
			"sum":	{
				"start":	7.001167,
				"end":	8.000219,
				"seconds":	0.99905198812484741,
				"bytes":	38010880,
				"bits_per_second":	304375591.67541486,
				"retransmits":	0,
				"omitted":	false,
				"sender":	true
			}
		}, {
			"streams":	[{
					"socket":	5,
					"start":	8.000219,
					"end":	9.000353,
					"seconds":	1.0001339912414551,
					"bytes":	32768000,
					"bits_per_second":	262108879.70581183,
					"retransmits":	0,
					"snd_cwnd":	8097216,
					"rtt":	94620,
					"rttvar":	216,
					"pmtu":	1500,
					"omitted":	false,
					"sender":	true
				}],
			"sum":	{
				"start":	8.000219,
				"end":	9.000353,
				"seconds":	1.0001339912414551,
				"bytes":	32768000,
				"bits_per_second":	262108879.70581183,
				"retransmits":	0,
				"omitted":	false,
				"sender":	true
			}
		}, {
			"streams":	[{
					"socket":	5,
					"start":	9.000353,
					"end":	10.003497,
					"seconds":	1.0031440258026123,
					"bytes":	31457280,
					"bits_per_second":	250869499.81947911,
					"retransmits":	0,
					"snd_cwnd":	8097216,
					"rtt":	103666,
					"rttvar":	67,
					"pmtu":	1500,
					"omitted":	false,
					"sender":	true
				}],
			"sum":	{
				"start":	9.000353,
				"end":	10.003497,
				"seconds":	1.0031440258026123,
				"bytes":	31457280,
				"bits_per_second":	250869499.81947911,
				"retransmits":	0,
				"omitted":	false,
				"sender":	true
			}
		}, {
			"streams":	[{
					"socket":	5,
					"start":	10.003497,
					"end":	11.000647,
					"seconds":	0.9971500039100647,
					"bytes":	34078720,
					"bits_per_second":	273408974.50830185,
					"retransmits":	0,
					"snd_cwnd":	8097216,
					"rtt":	92538,
					"rttvar":	153,
					"pmtu":	1500,
					"omitted":	false,
					"sender":	true
				}],
			"sum":	{
				"start":	10.003497,
				"end":	11.000647,
				"seconds":	0.9971500039100647,
				"bytes":	34078720,
				"bits_per_second":	273408974.50830185,
				"retransmits":	0,
				"omitted":	false,
				"sender":	true
			}
		}, {
			"streams":	[{
					"socket":	5,
					"start":	11.000647,
					"end":	12.000172,
					"seconds":	0.999525010585785,
					"bytes":	32768000,
					"bits_per_second":	262268574.79670972,
					"retransmits":	0,
					"snd_cwnd":	8097216,
					"rtt":	91702,
					"rttvar":	300,
					"pmtu":	1500,
					"omitted":	false,
					"sender":	true
				}],
			"sum":	{
				"start":	11.000647,
				"end":	12.000172,
				"seconds":	0.999525010585785,
				"bytes":	32768000,
				"bits_per_second":	262268574.79670972,
				"retransmits":	0,
				"omitted":	false,
				"sender":	true
			}
		}, {
			"streams":	[{
					"socket":	5,
					"start":	12.000172,
					"end":	13.000025,
					"seconds":	0.999853014945984,
					"bytes":	36700160,
					"bits_per_second":	293644441.34407246,
					"retransmits":	0,
					"snd_cwnd":	8097216,
					"rtt":	93805,
					"rttvar":	153,