{
	"start":	{
		"connected":	[{
				"socket":	5,
				"local_host":	"10.68.202.231",
				"local_port":	50440,
				"remote_host":	"62.210.18.40",
				"remote_port":	5203
			}],
		"version":	"iperf 3.9",
		"system_info":	"Linux debian-gnu-linux-11 5.10.0-15-arm64 #1 SMP Debian 5.10.120-1 (2022-06-09) aarch64",
		"timestamp":	{
			"time":	"Sat, 01 Oct 2022 12:29:57 GMT",
			"timesecs":	1664627397
		},
		"connecting_to":	{
			"host":	"ping.online.net",
			"port":	5203
		},
		"cookie":	"awsy3mkeql2r7eb2wpuqemvn3bxwbl3t6pqm",
		"tcp_mss_default":	1448,
		"sock_bufsize":	0,
		"sndbuf_actual":	16384,
		"rcvbuf_actual":	131072,
		"test_start":	{
			"protocol":	"TCP",
			"num_streams":	1,
			"blksize":	131072,
			"omit":	0,
			"duration":	20,
			"bytes":	0,
			"blocks":	0,
			"reverse":	0,
			"tos":	0
		}
	},
	"intervals":	[{
			"streams":	[{
					"socket":	5,
					"start":	0,
					"end":	1.000838,
					"seconds":	1.000838041305542,
					"bytes":	12892056,
					"bits_per_second":	103050087.76990908,
					"retransmits":	0,
					"snd_cwnd":	10144688,
					"rtt":	92217,
					"rttvar":	249,
					"pmtu":	1500,
					"omitted":	false,
					"sender":	true
				}],
			"sum":	{
				"start":	0,
				"end":	1.000838,
				"seconds":	1.000838041305542,
				"bytes":	12892056,
				"bits_per_second":	103050087.76990908,
				"retransmits":	0,
				"omitted":	false,
				"sender":	true
			}
		}, {
			"streams":	[{
					"socket":	5,
					"start":	1.000838,
					"end":	2.0001,
					"seconds":	0.999261975288391,
					"bytes":	38010880,
					"bits_per_second":	304311629.50260288,
					"retransmits":	0,
					"snd_cwnd":	10263424,
					"rtt":	96347,
					"rttvar":	465,
					"pmtu":	1500,
					"omitted":	false,
					"sender":	true
				}],
			"sum":	{
				"start":	1.000838,
				"end":	2.0001,
				"seconds":	0.999261975288391,
				"bytes":	38010880,
				"bits_per_second":	304311629.50260288,
				"retransmits":	0,
				"omitted":	false,
				"sender":	true
			}
		}, {
			"streams":	[{
					"socket":	5,
					"start":	2.0001,
					"end":	3.0018,
					"seconds":	1.0017000436782837,
					"bytes":	38010880,
					"bits_per_second":	303570956.115146,
					"retransmits":	0,
					"snd_cwnd":	10248944,
					"rtt":	84518,
					"rttvar":	260,
					"pmtu":	1500,
					"omitted":	false,
					"sender":	true
				}],
			"sum":	{
				"start":	2.0001,
				"end":	3.0018,
				"seconds":	1.0017000436782837,
				"bytes":	38010880,
				"bits_per_second":	303570956.115146,
				"retransmits":	0,
				"omitted":	false,
				"sender":	true
			}
		}, {
			"streams":	[{
					"socket":	5,
					"start":	3.0018,
					"end":	4.003145,
					"seconds":	1.0013450384140015,
					"bytes":	39321600,
					"bits_per_second":	314150255.83812934,
					"retransmits":	0,
					"snd_cwnd":	10235912,
					"rtt":	95109,
					"rttvar":	247,
					"pmtu":	1500,
					"omitted":	false,
					"sender":	true
				}],
			"sum":	{
				"start":	3.0018,
				"end":	4.003145,
				"seconds":	1.0013450384140015,
				"bytes":	39321600,
				"bits_per_second":	314150255.83812934,
				"retransmits":	0,
				"omitted":	false,
				"sender":	true
			}
		}, {
			"streams":	[{
					"socket":	5,
					"start":	4.003145,
					"end":	5.000095,
					"seconds":	0.99694997072219849,
					"bytes":	38010880,
					"bits_per_second":	305017351.85339034,
					"retransmits":	0,
					"snd_cwnd":	10222880,
					"rtt":	93169,
					"rttvar":	157,
					"pmtu":	1500,
					"omitted":	false,
					"sender":	true
				}],
			"sum":	{
				"start":	4.003145,
				"end":	5.000095,
				"seconds":	0.99694997072219849,
				"bytes":	38010880,
				"bits_per_second":	305017351.85339034,
				"retransmits":	0,
				"omitted":	false,
				"sender":	true
			}
		}, {
			"streams":	[{
					"socket":	5,
					"start":	5.000095,
					"end":	6.000091,
					"seconds":	0.9999960064888,
					"bytes":	34078720,
					"bits_per_second":	272630848.754348,
					"retransmits":	0,
					"snd_cwnd":	10209848,
					"rtt":	91154,
					"rttvar":	68,
					"pmtu":	1500,
					"omitted":	false,
					"sender":	true
				}],
			"sum":	{
				"start":	5.000095,
				"end":	6.000091,
				"seconds":	0.9999960064888,
				"bytes":	34078720,
				"bits_per_second":	272630848.754348,
				"retransmits":	0,
				"omitted":	false,
				"sender":	true
			}
		}, {
			"streams":	[{
					"socket":	5,
					"start":	6.000091,
					"end":	7.005253,
					"seconds":	1.0051620006561279,
					"bytes":	39321600,
					"bits_per_second":	312957314.139074,
					"retransmits":	0,
					"snd_cwnd":	10201160,
					"rtt":	99498,
					"rttvar":	507,
					"pmtu":	1500,
					"omitted":	false,
					"sender":	true
				}],
			"sum":	{
				"start":	6.000091,
				"end":	7.005253,
				"seconds":	1.0051620006561279,
				"bytes":	39321600,
				"bits_per_second":	312957314.139074,
				"retransmits":	0,
				"omitted":	false,
				"sender":	true
			}
		}, {
			"streams":	[{
					"socket":	5,
					"start":	7.005253,
					"end":	8.000196,
					"seconds":	0.99494302272796631,
					"bytes":	36700160,
					"bits_per_second":	295093561.43329161,
					"retransmits":	0,
					"snd_cwnd":	10186680,
					"rtt":	86059,
					"rttvar":	161,
					"pmtu":	1500,
					"omitted":	false,
					"sender":	true
				}],
			"sum":	{
				"start":	7.005253,
				"end":	8.000196,
				"seconds":	0.99494302272796631,
				"bytes":	36700160,
				"bits_per_second":	295093561.43329161,
				"retransmits":	0,
				"omitted":	false,
				"sender":	true
			}
		}, {
			"streams":	[{
					"socket":	5,
					"start":	8.000196,
					"end":	9.001159,
					"seconds":	1.0009629726409912,
					"bytes":	36700160,
					"bits_per_second":	293318821.99932688,
					"retransmits":	0,
					"snd_cwnd":	10175096,
					"rtt":	96544,
					"rttvar":	61,
					"pmtu":	1500,
					"omitted":	false,
					"sender":	true
				}],
			"sum":	{
				"start":	8.000196,
				"end":	9.001159,
				"seconds":	1.0009629726409912,
				"bytes":	36700160,
				"bits_per_second":	293318821.99932688,
				"retransmits":	0,
				"omitted":	false,
				"sender":	true
			}
		}, {
			"streams":	[{
					"socket":	5,
					"start":	9.001159,
					"end":	10.000087,
					"seconds":	0.9989280104637146,
					"bytes":	35389440,
					"bits_per_second":	283419342.56961554,
					"retransmits":	0,
					"snd_cwnd":	10163512,
					"rtt":	85916,
					"rttvar":	240,
					"pmtu":	1500,
					"omitted":	false,
					"sender":	true
				}],
			"sum":	{
				"start":	9.001159,
				"end":	10.000087,
				"seconds":	0.9989280104637146,
				"bytes":	35389440,
				"bits_per_second":	283419342.56961554,
				"retransmits":	0,
				"omitted":	false,
				"sender":	true
			}
		}, {
			"streams":	[{
					"socket":	5,
					"start":	10.000087,
					"end":	11.001851,
					"seconds":	1.0017640590667725,
					"bytes":	38010880,
					"bits_per_second":	303551557.12342352,
					"retransmits":	0,
					"snd_cwnd":	10150480,
					"rtt":	96829,
					"rttvar":	60,
					"pmtu":	1500,
					"omitted":	false,
					"sender":	true
				}],
			"sum":	{
				"start":	10.000087,
				"end":	11.001851,
				"seconds":	1.0017640590667725,
				"bytes":	38010880,
				"bits_per_second":	303551557.12342352,
				"retransmits":	0,
				"omitted":	false,
				"sender":	true
			}
		}, {
			"streams":	[{
					"socket":	5,
					"start":	11.001851,
					"end":	12.000091,
					"seconds":	0.99823999404907227,
					"bytes":	39321600,
					"bits_per_second":	315127426.1453163,
					"retransmits":	0,
					"snd_cwnd":	10136000,
					"rtt":	86082,
					"rttvar":	135,
					"pmtu":	1500,
					"omitted":	false,
					"sender":	true
				}],
			"sum":	{
				"start":	11.001851,
				"end":	12.000091,
				"seconds":	0.99823999404907227,
				"bytes":	39321600,
				"bits_per_second":	315127426.1453163,
				"retransmits":	0,
				"omitted":	false,
				"sender":	true
			}
		}, {
			"streams":	[{
					"socket":	5,
					"start":	12.000091,
					"end":	13.000363,
					"seconds":	1.0002720355987549,
					"bytes":	40632320,
					"bits_per_second":	324970156.54888576,
					"retransmits":	0,
					"snd_cwnd":	10125864,
					"rtt":	93159,
					"rttvar":	45,
					"pmtu":	1500,